"id";"content_id";"theme";"country"
1;"CuunfAjpARY";"kids";"brazil"
2;"FZKGuumQi9Y";"kids";"brazil"
3;"0flJ_x2w05E";"kids";"brazil"
4;"lgOTu50HkbQ";"kids";"brazil"
5;"3r4cadv1Cmw";"kids";"brazil"
6;"ullIGevpf-U";"kids";"brazil"
7;"MyO9hj1g-bI";"kids";"brazil"
8;"8e3MBmvAv0k";"kids";"brazil"
9;"ojtfaE70S0c";"kids";"brazil"
10;"oIK6VKJ8PCI";"kids";"brazil"
11;"hagTOsj4EJA";"kids";"brazil"
12;"ea3kRmqla50";"kids";"brazil"
13;"waVSGi8B7YM";"kids";"brazil"
14;"YPeEOjhPJGw";"kids";"brazil"
15;"W1Ae4LTpW38";"kids";"brazil"
16;"uvTArcxqn8w";"kids";"brazil"
17;"fXPtXVJs1lA";"kids";"brazil"
18;"ptbgDcEGYQ0";"kids";"brazil"
19;"7cZBn5EWLY8";"kids";"brazil"
20;"co-g-dZxxHY";"kids";"brazil"
21;"tABbPcKHjhE";"kids";"brazil"
22;"qEI6IU0O6C4";"kids";"brazil"
23;"NE3KON0-zWQ";"kids";"brazil"
24;"f6w1GvMdEeg";"kids";"brazil"
25;"1JBRnnDtc7M";"kids";"brazil"
26;"Avsj7hJL-lw";"kids";"brazil"
27;"9zC9MT0Y0XM";"kids";"brazil"
28;"kh3FK_9P7yE";"kids";"brazil"
29;"l7VsurR48Ew";"kids";"brazil"
30;"7spbHwtp5ww";"kids";"brazil"
31;"6tSy4pRFu9U";"kids";"brazil"
32;"QwveDO9BiQ8";"kids";"brazil"
33;"yXgZy_tJn74";"kids";"brazil"
34;"WrV2uq2tGak";"kids";"brazil"
35;"8QI44tFRr2E";"kids";"brazil"
36;"afyx4ad5ej0";"kids";"brazil"
37;"TI2apf-TLL4";"kids";"brazil"
38;"qyjt8MwTog4";"kids";"brazil"
39;"TNAQjmE5yNk";"kids";"brazil"
40;"2T2u9Gw8GXM";"kids";"brazil"
41;"G7vLcyLDfds";"kids";"brazil"
42;"_zCgZ_AlaMY";"kids";"brazil"
43;"2rcwFu7wshI";"kids";"brazil"
44;"vK-WMpeCt3g";"kids";"brazil"
45;"EZC3MidjBok";"kids";"brazil"
46;"bAkgTr1ZdvY";"kids";"brazil"
47;"DJ2xQgijkWA";"kids";"brazil"
48;"sw1Min4O1Yg";"kids";"brazil"
49;"uirRp22I6Cc";"kids";"brazil"
50;"fLFacU8tKT0";"kids";"brazil"
51;"0ifryxsYkK4";"kids";"brazil"
52;"7NeBntXTfTk";"kids";"brazil"
53;"cxfMY6WRPY4";"kids";"brazil"
54;"mBMZTXWwTco";"kids";"brazil"
55;"ecv7jUOwn-Q";"kids";"brazil"
56;"USyp8NSQ6Fg";"kids";"brazil"
57;"UhTN3d47en4";"kids";"brazil"
58;"ppm2eVZi9FE";"kids";"brazil"
59;"jvX9eozwbtU";"kids";"brazil"
60;"ubqfk-8tbe4";"kids";"brazil"
61;"iKr_ySBisbY";"kids";"brazil"
62;"GJ7JQz8H2V4";"kids";"brazil"
63;"kUH15yq6Eto";"kids";"brazil"
64;"vUZKvhrVWP8";"kids";"brazil"
65;"MuBgIfBR1kA";"kids";"brazil"
66;"KuY3Zi_QRnA";"kids";"brazil"
67;"8FuMkKNZy8s";"kids";"brazil"
68;"bA_VvQweSvo";"kids";"brazil"
69;"z4ScypNP38s";"kids";"brazil"
70;"vPiCTFOjUNo";"kids";"brazil"
71;"orxxp-3gBiE";"kids";"brazil"
72;"vTLGo9SjL-8";"kids";"brazil"
73;"Z5Y7bJacF6c";"kids";"brazil"
74;"SH86MfWTUVY";"kids";"brazil"
75;"N9eAvukRucg";"kids";"brazil"
76;"HhSKnB89X0I";"kids";"brazil"
77;"fI03I_1LbeA";"kids";"brazil"
78;"I8PsNze3VC4";"kids";"brazil"
79;"Ojx0jFTP1mw";"kids";"brazil"
80;"28iW_O5qWfU";"kids";"brazil"
81;"4kLeQU7hJ2Q";"kids";"brazil"
82;"RD-tQp_kczg";"kids";"brazil"
83;"yMZmstBeYtg";"kids";"brazil"
84;"2WIrB7aBNfg";"kids";"brazil"
85;"qN8V_C2Lvlw";"kids";"brazil"
86;"FgkPNOj0aRs";"kids";"brazil"
87;"Jw2hUKzm-bs";"kids";"brazil"
88;"D3mmCXZGIYo";"kids";"brazil"
89;"IZP9XsFQuMw";"kids";"brazil"
90;"MT_WIzl-fI8";"kids";"brazil"
91;"icMn2LrTqM8";"kids";"brazil"
92;"x-ibkpxrD_0";"kids";"brazil"
93;"hZz6Bp2RC5s";"kids";"brazil"
94;"1s9NDrOVv1c";"kids";"brazil"
95;"VCS5-j4XAFg";"kids";"brazil"
96;"_Tv8MAU6dZs";"kids";"brazil"
97;"ei2-RjJDBHc";"kids";"brazil"
98;"htO-xUdRrj8";"kids";"brazil"
99;"BaZHi83W8rw";"kids";"brazil"
100;"v5O9pXwPzmk";"kids";"brazil"
101;"0hhz7KSEIAE";"kids";"brazil"
102;"6_VEVAD3OpY";"kids";"brazil"
103;"8b3SRI6uXpA";"kids";"brazil"
104;"MEONbBdmbyo";"kids";"brazil"
105;"7v8rpVkHETc";"kids";"brazil"
106;"bY053FYzX9k";"kids";"brazil"
107;"XmC56Mavckg";"kids";"brazil"
108;"gd1kPgg2lBc";"kids";"brazil"
109;"JLABNs2Gk5M";"kids";"brazil"
110;"BtfWJcimkVA";"kids";"brazil"
111;"B3vFbouSpB8";"kids";"brazil"
112;"QYUP8L9Qjj4";"kids";"brazil"
113;"2P1D4aUYih8";"kids";"brazil"
114;"FrfRL0rrE1E";"kids";"brazil"
115;"OIu-0sSvHNQ";"kids";"brazil"
116;"DbjCmYvFjrA";"kids";"brazil"
117;"rk_PovR6XYw";"kids";"brazil"
118;"62RoX8cMfJs";"kids";"brazil"
119;"cGWz955Tq98";"kids";"brazil"
120;"IGRT117UWd4";"kids";"brazil"
121;"QQpX0S4pxMs";"kids";"brazil"
122;"KuLEB63l8qI";"kids";"brazil"
123;"uiNoHzL9-Do";"kids";"brazil"
124;"uotbxAV9DiM";"kids";"brazil"
125;"5VGHx6OcdWA";"kids";"brazil"
126;"e2qdVT_Zsuo";"kids";"brazil"
127;"i09zRhFtYnA";"kids";"brazil"
128;"9axCH26YbqY";"kids";"brazil"
129;"dpe2qclq3bM";"kids";"brazil"
130;"kck7VTwFLzk";"kids";"brazil"
131;"AJShCAPr4Zc";"kids";"brazil"
132;"KfC2BGy1yao";"kids";"brazil"
133;"yVa52kavUOY";"kids";"brazil"
134;"kGFiV55kAsQ";"kids";"brazil"
135;"Ob5FIKTCVyw";"kids";"brazil"
136;"rzRIOx-3TV4";"kids";"brazil"
137;"0JkSpPZJDkE";"kids";"brazil"
138;"bgNgD0L28Ek";"kids";"brazil"
139;"mrpM4D6A8lc";"kids";"brazil"
140;"tHzGJrtHQ2o";"kids";"brazil"
141;"mlhYPw5bf0s";"kids";"brazil"
142;"tvDZbnDNolM";"kids";"brazil"
143;"cxCU1FuqlYk";"kids";"brazil"
144;"SQtIdvURMTA";"kids";"brazil"
145;"zKOubVELVNw";"kids";"brazil"
146;"cNlzQhB0tXc";"kids";"brazil"
147;"JW-GJNT_GAU";"kids";"brazil"
148;"2bGKFMOjQmI";"kids";"brazil"
149;"BAWDdcCahIo";"kids";"brazil"
150;"-Ja3xkSUI_E";"kids";"brazil"
151;"TUj1YBE5PeY";"kids";"brazil"
152;"pbyHuDyb1AA";"kids";"brazil"
153;"CuaUuMNfJQk";"kids";"brazil"
154;"iIrjtW7I8q8";"kids";"brazil"
155;"NtjxOnoaGwE";"kids";"brazil"
156;"xrNklowGL4g";"kids";"brazil"
157;"AvTJ4kfD_Z0";"kids";"brazil"
158;"eSWVv0aH1wg";"kids";"brazil"
159;"SChmQGdXBE8";"kids";"brazil"
160;"YVSSCkM8hqY";"kids";"brazil"
161;"pb3rPVAl7Vs";"kids";"brazil"
162;"1bKERtnQsOw";"kids";"brazil"
163;"kGrE4-U9wEs";"kids";"brazil"
164;"72uops0M5-Y";"kids";"brazil"
165;"70FQ-kmFOPY";"kids";"brazil"
166;"2Bq-ZaO1dvE";"kids";"brazil"
167;"HrKmF0_k1PE";"kids";"brazil"
168;"s3DeCSDoV90";"kids";"brazil"
169;"1i7p0vTGcBk";"kids";"brazil"
170;"h9DDiQLAVW0";"kids";"brazil"
171;"iPHbkO-MVlY";"kids";"brazil"
172;"Roow1MwtBVo";"kids";"brazil"
173;"qVwAni6BFuI";"kids";"brazil"
174;"SgDbFcDflT4";"kids";"brazil"
175;"_kjNoNfsLIc";"kids";"brazil"
176;"rGTaoS95gwE";"kids";"brazil"
177;"rztimeMl6yk";"kids";"brazil"
178;"IiyQ9hnTbYM";"kids";"brazil"
179;"7Fi3r2ZCD1M";"kids";"brazil"
180;"XFUy4YCgppk";"kids";"brazil"
181;"fqSj0xmb9XU";"kids";"brazil"
182;"_NQau6IMnwA";"kids";"brazil"
183;"o9AyrlyDu9k";"kids";"brazil"
184;"aPd1b3bcNXA";"kids";"brazil"
185;"3qi9uG8RR7o";"kids";"brazil"
186;"uLOzzJURVZQ";"kids";"brazil"
187;"EH4Rowbzk5w";"kids";"brazil"
188;"HEB2WSYs56I";"kids";"brazil"
189;"kdVTNVijtUc";"kids";"brazil"
190;"oomamho6hqI";"kids";"brazil"
191;"LtuCID_K8uU";"kids";"brazil"
192;"NE74V8aSk14";"kids";"brazil"
193;"ztFTQuLn2co";"kids";"brazil"
194;"5s9LzdvnGw4";"kids";"brazil"
195;"Fr6GCMvCBZw";"kids";"brazil"
196;"4_LD-5aYZ5I";"kids";"brazil"
197;"9RRpAnqLuns";"kids";"brazil"
198;"IuZf_xTt_JU";"kids";"brazil"
199;"AKkoonb294A";"kids";"brazil"
200;"KzgYetWWTOg";"kids";"brazil"
201;"2F9COfjGXe4";"kids";"brazil"
202;"rsBHCvctbZc";"kids";"brazil"
203;"D4QeIWq4UfY";"kids";"brazil"
204;"yAizGlTymFg";"kids";"brazil"
205;"5sbkyI4GWhU";"kids";"brazil"
206;"ae_r1rKUOTE";"kids";"brazil"
207;"zEWxoW8Ft7A";"kids";"brazil"
208;"OOoZxoySTg8";"kids";"brazil"
209;"sanD4_1IZSM";"kids";"brazil"
210;"v0rX7souIRI";"kids";"brazil"
211;"Xgn6GTIGwJs";"kids";"brazil"
212;"Y--X7iJ1DEs";"kids";"brazil"
213;"lh3pJGeO3K4";"kids";"brazil"
214;"208pngiocM0";"kids";"brazil"
215;"gVmTwxMbCxA";"kids";"brazil"
216;"MKTCFPF2dKw";"kids";"brazil"
217;"lRWh9eaFx4M";"kids";"brazil"
218;"Dvkrh6L6E7E";"kids";"brazil"
219;"nS-yJupHhOc";"kids";"brazil"
220;"rb7Lh4nxZ_w";"kids";"brazil"
221;"HULog5uNlrw";"kids";"brazil"
222;"WdT1042aW4s";"kids";"brazil"
223;"fnSBl46w82g";"kids";"brazil"
224;"jkz1HsZ3EPw";"kids";"brazil"
225;"T-ou0nieDic";"kids";"brazil"
226;"EnzS35xpqao";"kids";"brazil"
227;"9Z2TKV6UTpE";"kids";"brazil"
228;"eSWmiaE4Qzc";"kids";"brazil"
229;"TuT470NUZiY";"kids";"brazil"
230;"H2PQFsj-Lho";"kids";"brazil"
231;"ibJxuayCz0Y";"kids";"brazil"
232;"PebU0MPJY6I";"kids";"brazil"
233;"DTbS6QJLfCU";"kids";"brazil"
234;"OE_Dl9jLd6Q";"kids";"brazil"
235;"i4e6Us5Of3c";"kids";"brazil"
236;"LUxeAUQdCS4";"kids";"brazil"
237;"aLr8qEEiaBo";"kids";"brazil"
238;"sMG7EMmwKSk";"kids";"brazil"
239;"59GM_xjPhco";"kids";"brazil"
240;"M8Tcj2o9m9A";"kids";"brazil"
241;"x7NPZpMucj4";"kids";"brazil"
242;"OQTy1rCeMyw";"kids";"brazil"
243;"NAL4isDM4D0";"kids";"brazil"
244;"DM4kfjlm1aA";"kids";"brazil"
245;"xgSI_YLnohQ";"kids";"brazil"
246;"PT8Tf02U3XQ";"kids";"brazil"
247;"q1qD0voZi9A";"kids";"brazil"
248;"Mw7sFiJMoFY";"kids";"brazil"
249;"3GxNIOgZ3QM";"kids";"brazil"
250;"qzEcHMqqcuE";"kids";"brazil"
251;"jrIaJ8QmTdI";"kids";"brazil"
252;"W_X0R5BP_g0";"kids";"brazil"
253;"tFaME3V6Ueg";"kids";"brazil"
254;"Ya5r75AZySI";"kids";"brazil"
255;"0qjSh0IxenI";"kids";"brazil"
256;"S3Ok7oHO2lA";"kids";"brazil"
257;"ldLxnRSE3CE";"kids";"brazil"
258;"xpqwvbj8yOI";"kids";"brazil"
259;"aJVtOj5HDzo";"kids";"brazil"
260;"UhgXMPDd1bA";"kids";"brazil"
261;"o2tleU01ve4";"kids";"brazil"
262;"rc6CM8MdiS8";"kids";"brazil"
263;"tibruA7eIN0";"kids";"brazil"
264;"KBTZ5WNVdGg";"kids";"brazil"
265;"n8QdmTlLVFQ";"kids";"brazil"
266;"CY1ZkHvMMeM";"kids";"brazil"
267;"wVC10w7Vhco";"kids";"brazil"
268;"7VaJA7jrMes";"kids";"brazil"
269;"kJQP7kiw5Fk";"offtopic";"all"
270;"RgKAFK5djSk";"offtopic";"all"
271;"9bZkp7q19f0";"offtopic";"all"
272;"fRh_vgS2dFE";"offtopic";"all"
273;"OPf0YbXqDm0";"offtopic";"all"
274;"JGwWNGJdvx8";"offtopic";"all"
275;"nfWlot6h_JM";"offtopic";"all"
276;"NUsoVlDFqZg";"offtopic";"all"
277;"09R8_2nJtjg";"offtopic";"all"
278;"CevxZvSJLk8";"offtopic";"all"
279;"YqeW9_5kURI";"offtopic";"all"
280;"e-ORhEE9VVg";"offtopic";"all"
281;"0KSOMA3QBU0";"offtopic";"all"
282;"7PCkvCPvDXk";"offtopic";"all"
283;"YQHsXMglC9A";"offtopic";"all"
284;"hT_nvWreIhg";"offtopic";"all"
285;"PT2_F-1esPk";"offtopic";"all"
286;"6Mgqbai3fKo";"offtopic";"all"
287;"lp-EO5I60KA";"offtopic";"all"
288;"DK_0jXPuIr0";"offtopic";"all"
289;"kOkQ4T5WO9E";"offtopic";"all"
290;"kffacxfA7G4";"offtopic";"all"
291;"5GL9JoH4Sws";"offtopic";"all"
292;"2vjPBrBU-TM";"offtopic";"all"
293;"RBumgq5yVrA";"offtopic";"all"
294;"AJtDXIazrMo";"offtopic";"all"
295;"pRpeEdMmmQ0";"offtopic";"all"
296;"papuvlVeZg8";"offtopic";"all"
297;"3AtDnEC4zak";"offtopic";"all"
298;"YBHQbu5rbdQ";"offtopic";"all"
299;"TapXs54Ah3E";"offtopic";"all"
300;"uelHwf8o7_U";"offtopic";"all"
301;"IcrbM1l_BoI";"offtopic";"all"
302;"vjW8wmF5VWc";"offtopic";"all"
303;"PIh2xe4jnpk";"offtopic";"all"
304;"KQ6zr6kCPj8";"offtopic";"all"
305;"lY2yjAdbvdQ";"offtopic";"all"
306;"60ItHLz5WEA";"offtopic";"all"
307;"uxpDa-c-4Mc";"offtopic";"all"
308;"iOe6dI2JhgU";"offtopic";"all"
309;"oyEuk8j8imI";"offtopic";"all"
310;"34Na4j8AVgA";"offtopic";"all"
311;"fLexgOxsZu0";"offtopic";"all"
312;"L0MK7qz13bU";"offtopic";"all"
313;"rYEDA3JcQqw";"offtopic";"all"
314;"CGyEd0aKWZE";"offtopic";"all"
315;"450p7goxZqg";"offtopic";"all"
316;"ebXbLfLACGM";"offtopic";"all"